{"cameraMode":{"drawMode":0,"name":"Shaded","section":"Shading Mode"},"sceneLighting":false,"audioPlay":false,"sceneViewState":{"showFog":true,"showMaterialUpdate":false,"showSkybox":true,"showFlares":true,"showImageEffects":true,"showParticleSystems":true},"in2DMode":false,"pivot":{"x":1.3743245601654053,"y":0.011829342693090439,"z":-1.0192430019378663},"rotation":{"x":0.2652711570262909,"y":-0.6648476123809815,"z":0.27471986413002016,"w":0.6419797539710999},"size":3.2441630363464357,"orthographic":false}