{"cameraMode":{"drawMode":0,"name":"Shaded","section":"Shading Mode"},"sceneLighting":true,"audioPlay":false,"sceneViewState":{"showFog":true,"showMaterialUpdate":false,"showSkybox":true,"showFlares":true,"showImageEffects":true,"showParticleSystems":true},"in2DMode":false,"pivot":{"x":-31.71877098083496,"y":4.776151180267334,"z":19.64362335205078},"rotation":{"x":0.0002484316937625408,"y":0.9994831085205078,"z":0.031140629202127458,"w":-0.007989180274307728},"size":43.07658386230469,"orthographic":false}