{"cameraMode":{"drawMode":0,"name":"Shaded","section":"Shading Mode"},"sceneLighting":false,"audioPlay":false,"sceneViewState":{"showFog":true,"showMaterialUpdate":false,"showSkybox":true,"showFlares":true,"showImageEffects":true,"showParticleSystems":true},"in2DMode":false,"pivot":{"x":3.482853412628174,"y":0.34076428413391116,"z":-1.772957444190979},"rotation":{"x":-0.06204667687416077,"y":0.926795244216919,"z":-0.3255884051322937,"w":-0.17661534249782563},"size":3.2441513538360597,"orthographic":false}