{"cameraMode":{"drawMode":0,"name":"Shaded","section":"Shading Mode"},"sceneLighting":false,"audioPlay":false,"sceneViewState":{"showFog":true,"showMaterialUpdate":false,"showSkybox":true,"showFlares":true,"showImageEffects":true,"showParticleSystems":true},"in2DMode":false,"pivot":{"x":347.140869140625,"y":13.445414543151856,"z":253.27542114257813},"rotation":{"x":-0.11747615039348602,"y":0.8585375547409058,"z":-0.22686170041561128,"w":-0.4445745050907135},"size":3.0401194095611574,"orthographic":false}