{"cameraMode":{"drawMode":0,"name":"Shaded","section":"Shading Mode"},"sceneLighting":false,"audioPlay":false,"sceneViewState":{"showFog":true,"showMaterialUpdate":false,"showSkybox":true,"showFlares":true,"showImageEffects":true,"showParticleSystems":true},"in2DMode":false,"pivot":{"x":-2.825350284576416,"y":-0.11880464851856232,"z":-3.6878085136413576},"rotation":{"x":0.27781832218170168,"y":0.20406952500343324,"z":-0.06052202731370926,"w":0.9367548823356628},"size":7.861885070800781,"orthographic":false}