{"cameraMode":{"drawMode":0,"name":"Shaded","section":"Shading Mode"},"sceneLighting":false,"audioPlay":false,"sceneViewState":{"showFog":true,"showMaterialUpdate":false,"showSkybox":true,"showFlares":true,"showImageEffects":true,"showParticleSystems":true},"in2DMode":false,"pivot":{"x":-8.491053581237793,"y":5.34433650970459,"z":-197.98324584960938},"rotation":{"x":-0.16429489850997926,"y":0.3041187822818756,"z":0.05333210155367851,"w":0.9368429183959961},"size":1.399572491645813,"orthographic":false}