{"cameraMode":{"drawMode":0,"name":"Shaded","section":"Shading Mode"},"sceneLighting":false,"audioPlay":false,"sceneViewState":{"showFog":true,"showMaterialUpdate":false,"showSkybox":true,"showFlares":true,"showImageEffects":true,"showParticleSystems":true},"in2DMode":false,"pivot":{"x":3.6108129024505617,"y":-13.385699272155762,"z":-32.95005798339844},"rotation":{"x":0.010511988773941994,"y":0.9816038012504578,"z":-0.18201591074466706,"w":0.05669013038277626},"size":40.010372161865237,"orthographic":false}