{"cameraMode":{"drawMode":0,"name":"Shaded","section":"Shading Mode"},"sceneLighting":false,"audioPlay":false,"sceneViewState":{"showFog":true,"showMaterialUpdate":false,"showSkybox":true,"showFlares":true,"showImageEffects":true,"showParticleSystems":true},"in2DMode":false,"pivot":{"x":-9.18509292602539,"y":6.889999866485596,"z":-202.18582153320313},"rotation":{"x":0.08575788885354996,"y":0.8658741116523743,"z":-0.1591992974281311,"w":0.4664366543292999},"size":4.919984817504883,"orthographic":false}