{"cameraMode":{"drawMode":0,"name":"Shaded","section":"Shading Mode"},"sceneLighting":false,"audioPlay":false,"sceneViewState":{"showFog":true,"showMaterialUpdate":false,"showSkybox":true,"showFlares":true,"showImageEffects":true,"showParticleSystems":true},"in2DMode":false,"pivot":{"x":2.8633227348327638,"y":0.01183271873742342,"z":-1.0192395448684693},"rotation":{"x":-0.1485416293144226,"y":0.8512164354324341,"z":-0.36676904559135439,"w":-0.34474122524261477},"size":3.2441513538360597,"orthographic":false}