{"cameraMode":{"drawMode":0,"name":"Shaded","section":"Shading Mode"},"sceneLighting":false,"audioPlay":false,"sceneViewState":{"showFog":true,"showMaterialUpdate":false,"showSkybox":true,"showFlares":true,"showImageEffects":true,"showParticleSystems":true},"in2DMode":false,"pivot":{"x":-224.8897247314453,"y":25.76288604736328,"z":-34.865047454833987},"rotation":{"x":0.27827703952789309,"y":0.3472300171852112,"z":-0.10870089381933212,"w":0.8889192342758179},"size":2.8578836917877199,"orthographic":false}